{
  "env": {
    "es6": true
  },
  "parser": "@typescript-eslint/parser",
  "plugins": ["@typescript-eslint", "eslint-plugin-tsdoc", "import"],
  "rules": {
    "@typescript-eslint/adjacent-overload-signatures": "error",
    "@typescript-eslint/array-type": [
      "error",
      {
        "default": "generic"
      }
    ],
    "@typescript-eslint/ban-types": "error",
    "@typescript-eslint/class-name-casing": "error",
    "@typescript-eslint/consistent-type-assertions": "error",
    "@typescript-eslint/consistent-type-definitions": "off",
    "@typescript-eslint/explicit-member-accessibility": [
      "error",
      {
        "accessibility": "explicit"
      }
    ],
    "@typescript-eslint/indent": "off",
    "@typescript-eslint/interface-name-prefix": "off",
    "@typescript-eslint/member-delimiter-style": [
      "off",
      {
        "multiline": {
          "delimiter": "none",
          "requireLast": true
        },
        "singleline": {
          "delimiter": "semi",
          "requireLast": false
        }
      }
    ],
    "@typescript-eslint/member-ordering": "error",
    "@typescript-eslint/no-empty-function": ["error", {}],
    "@typescript-eslint/no-empty-interface": "error",
    "@typescript-eslint/no-explicit-any": "off",
    "@typescript-eslint/no-misused-new": "error",
    "@typescript-eslint/no-namespace": "error",
    "@typescript-eslint/no-parameter-properties": "off",
    "@typescript-eslint/no-this-alias": "error",
    "@typescript-eslint/no-use-before-define": "off",
    "@typescript-eslint/no-var-requires": "error",
    "@typescript-eslint/prefer-for-of": "error",
    "@typescript-eslint/prefer-function-type": "error",
    "@typescript-eslint/prefer-namespace-keyword": "error",
    "@typescript-eslint/quotes": "off",
    "@typescript-eslint/semi": ["off", null],
    "@typescript-eslint/space-within-parens": ["off", "never"],
    "@typescript-eslint/triple-slash-reference": "error",
    "@typescript-eslint/type-annotation-spacing": "off",
    "@typescript-eslint/unified-signatures": "error",
    "arrow-parens": ["off", "as-needed"],
    "comma-dangle": "off",
    "complexity": "off",
    "constructor-super": "error",
    "curly": "error",
    "dot-notation": "error",
    "eol-last": "off",
    "eqeqeq": ["error", "smart"],
    "guard-for-in": "error",
    "id-blacklist": ["error", "String", "string", "Boolean", "boolean", "Undefined"],
    "id-match": "error",
    "import/no-internal-modules": "off",
    "import/order": "off",
    "linebreak-style": "off",
    "max-classes-per-file": ["error", 1],
    "max-len": "off",
    "new-parens": "off",
    "newline-per-chained-call": "off",
    "no-bitwise": "error",
    "no-caller": "error",
    "no-cond-assign": "error",
    "no-console": "error",
    "no-debugger": "error",
    "no-duplicate-case": "error",
    "no-duplicate-imports": "error",
    "no-empty": "error",
    "no-eval": "error",
    "no-extra-bind": "error",
    "no-extra-semi": "off",
    "no-fallthrough": "off",
    "no-invalid-this": "off",
    "no-irregular-whitespace": "off",
    "no-multiple-empty-lines": "off",
    "no-new-func": "error",
    "no-new-wrappers": "error",
    "no-redeclare": "error",
    "no-return-await": "error",
    "no-sequences": "error",
    "no-shadow": [
      "error",
      {
        "hoist": "all"
      }
    ],
    "no-sparse-arrays": "error",
    "no-template-curly-in-string": "error",
    "no-throw-literal": "error",
    "no-trailing-spaces": "off",
    "no-undef-init": "error",
    "no-underscore-dangle": "error",
    "no-unsafe-finally": "error",
    "no-unused-expressions": "error",
    "no-unused-labels": "error",
    "no-var": "error",
    "object-shorthand": "error",
    "one-var": ["error", "never"],
    "prefer-const": "error",
    "prefer-object-spread": "error",
    "quote-props": "off",
    "radix": "error",
    "space-before-function-paren": "off",
    "spaced-comment": "error",
    "tsdoc/syntax": "warn",
    "use-isnan": "error",
    "valid-typeof": "off"
  }
}
