{
  "npmScope": "clearcover",
  "implicitDependencies": {
    "workspace.json": "*",
    "package.json": {
      "dependencies": "*",
      "devDependencies": "*"
    },
    "tsconfig.json": "*",
    "nx.json": "*",
    "base.eslintrc.json": "*",
    "jest.config.json": "*"
  },
  "tasksRunnerOptions": {
    "default": {
      "runner": "@nrwl/workspace/tasks-runners/default",
      "options": {
        "cacheableOperations": [
          "build",
          "lint",
          "test"
        ]
      }
    }
  },
  "projects": {
    "parallel-runner": {
      "tags": [
        "type:test"
      ]
    }
  }
}
