{
	"info": {
		"_postman_id": "066dedc6-ff93-4874-9aa5-4e7f68eb737a",
		"name": "Renewal",
		"schema": "https://schema.getpostman.com/json/collection/v2.1.0/collection.json"
	},
	"item": [
		{
			"name": "Get Rate [1] [Backdated] Copy",
			"event": [
				{
					"listen": "test",
					"script": {
						"exec": [
							"var jsonData = JSON.parse(responseBody);",
							"postman.setEnvironmentVariable(\"rateId\",",
							"jsonData.rateId)",
							"",
							"postman.setEnvironmentVariable(\"vehicleId\", jsonData.vehicleRatings[0].id)",
							"",
							"postman.setEnvironmentVariable(\"premium\",",
							"jsonData.totalPremium)",
							"",
							"pm.test(\"Written Premium Amount\", function () {",
							"    pm.expect(environment.premium).to.equal('1987.6');",
							"});",
							"",
							"parseInt(postman.setEnvironmentVariable(\"um\", parseFloat(JSON.stringify(jsonData.vehicleRatings[0].coverageRatings[0].premium))))",
							"",
							"pm.test(\"Written UM Amount\", function () {",
							"    pm.expect(environment.um).to.equal('18.75');",
							"});",
							"",
							"postman.setEnvironmentVariable(\"pd\", parseFloat(JSON.stringify(jsonData.vehicleRatings[0].coverageRatings[1].premium)))",
							"",
							"pm.test(\"Written PD Amount\", function () {",
							"    pm.expect(environment.pd).to.equal('375.87');",
							"});",
							"",
							"postman.setEnvironmentVariable(\"bi\", parseFloat(JSON.stringify(jsonData.vehicleRatings[0].coverageRatings[2].premium)))",
							"",
							"pm.test(\"Written BI Amount\", function () {",
							"    pm.expect(environment.bi).to.equal('309.99');",
							"});",
							"",
							"postman.setEnvironmentVariable(\"uim\", parseFloat(JSON.stringify(jsonData.vehicleRatings[0].coverageRatings[3].premium)))",
							"",
							"pm.test(\"Written UIM Amount\", function () {",
							"    pm.expect(environment.uim).to.equal('20.15');",
							"});",
							"",
							"postman.setEnvironmentVariable(\"med\", parseFloat(JSON.stringify(jsonData.vehicleRatings[0].coverageRatings[4].premium)))",
							"",
							"pm.test(\"Written MED Amount\", function () {",
							"    pm.expect(environment.med).to.equal('32.21');",
							"});",
							"",
							"postman.setEnvironmentVariable(\"at\", parseFloat(JSON.stringify(jsonData.vehicleRatings[0].coverageRatings[5].premium)))",
							"",
							"pm.test(\"Written AT Amount\", function () {",
							"    pm.expect(environment.at).to.equal('23.92');",
							"});",
							"",
							"postman.setEnvironmentVariable(\"coll\", parseFloat(JSON.stringify(jsonData.vehicleRatings[0].coverageRatings[6].premium)))",
							"",
							"pm.test(\"Written COLL Amount\", function () {",
							"    pm.expect(environment.coll).to.equal('877.71');",
							"});",
							"",
							"postman.setEnvironmentVariable(\"comp\", parseFloat(JSON.stringify(jsonData.vehicleRatings[0].coverageRatings[7].premium)))",
							"",
							"pm.test(\"Written COMP Amount\", function () {",
							"    pm.expect(environment.comp).to.equal('316.36');",
							"});",
							"",
							"postman.setEnvironmentVariable(\"ra\", parseFloat(JSON.stringify(jsonData.vehicleRatings[0].coverageRatings[8].premium)))",
							"",
							"pm.test(\"Written RA Amount\", function () {",
							"    pm.expect(environment.ra).to.equal('12.64');",
							"});",
							"",
							"pm.test(\"Success\", function () { ",
							"    pm.response.to.not.be.error;",
							"    pm.response.to.be.json;",
							"    pm.response.to.have.status(200);",
							"});",
							""
						],
						"type": "text/javascript"
					}
				},
				{
					"listen": "prerequest",
					"script": {
						"exec": [
							"const uuid = require('uuid');",
							"pm.environment.set(\"primaryDriverId\", uuid.v4());",
							"pm.environment.set(\"vehicleId\", uuid.v4());",
							"",
							"const moment = require('moment');",
							"const effectiveDate = moment().subtract(4, 'M').subtract(20, 'day')",
							"",
							"postman.setEnvironmentVariable(\"effectiveDate\", effectiveDate.utcOffset(\"-06:00\").format('YYYY-MM-DD'));",
							"postman.setEnvironmentVariable(\"effectiveDateTime\", effectiveDate.utcOffset(\"-06:00\").startOf('day').format());",
							"postman.setEnvironmentVariable(\"endDate\", moment(pm.variables.get(\"effectiveDateTime\")).add(6, 'months').format());",
							"postman.setEnvironmentVariable(\"bindDate\", effectiveDate.utcOffset(\"-06:00\").format());",
							"",
							"postman.setEnvironmentVariable(\"randomNumber\", Date.now());"
						],
						"type": "text/javascript"
					}
				}
			],
			"request": {
				"auth": {
					"type": "basic",
					"basic": [
						{
							"key": "username",
							"value": "clearcover-partner",
							"type": "string"
						},
						{
							"key": "password",
							"value": "TNx764b9NBwKPquEDbnnbQckKFZd6H",
							"type": "string"
						}
					]
				},
				"method": "POST",
				"header": [],
				"body": {
					"mode": "raw",
					"raw": "{\n  \"metadata\": {\n    \"applicationId\": \"57c515a3-9374-47eb-b095-5d352990599a\"\n  },\n  \"quoteType\": \"newBusiness\",\n  \"previousRateId\": null,\n  \"geographicLocation\": \"US-NE\",\n  \"bindDate\": \"{{effectiveDateTime}}\",\n  \"effectiveDate\": \"{{effectiveDateTime}}\",\n  \"insurableItems\": [\n    {\n      \"id\": \"{{vehicleId}}\",\n      \"kind\": \"vehicle\",\n      \"vin\": \"5fnrl5h64gb111411\",\n      \"make\": \"Honda\",\n      \"model\": \"ODYSSEY EX\",\n      \"year\": 2016,\n      \"bodyStyle\": \"WAG4X24D\",\n      \"driverReportedCharacteristics\": {\n        \"hasAntiLockBrakes\": null,\n        \"annualMileage\": 18000,\n        \"hasActiveDisablingDevice\": false,\n        \"hasPassiveDisablingDevice\": false,\n        \"hasAlarm\": false,\n        \"hasVehicleRecovery\": false,\n        \"rideshareUse\": false,\n        \"vehicleUse\": \"pleasure\"\n      },\n      \"endorsementDate\": null,\n      \"endorsements\": [\n        {\n          \"identifier\": \"rideshare\",\n          \"waived\": true,\n          \"endorsementOptions\": []\n        }\n      ],\n      \"coverages\": [\n        {\n          \"identifier\": \"AT\",\n          \"waived\": false,\n          \"coverageLevel\": {\n            \"identifier\": \"30/900\"\n          }\n        },\n        {\n          \"identifier\": \"COLL\",\n          \"waived\": false,\n          \"coverageLevel\": {\n            \"identifier\": \"200\"\n          }\n        },\n        {\n          \"identifier\": \"COMP\",\n          \"waived\": false,\n          \"coverageLevel\": {\n            \"identifier\": \"200\"\n          }\n        },\n        {\n          \"identifier\": \"RA\",\n          \"waived\": false\n        }\n      ],\n      \"ownership\": \"owned\"\n    }\n  ],\n  \"productType\": \"auto\",\n  \"policyDetail\": {\n    \"coverages\": [\n      {\n        \"identifier\": \"BI\",\n        \"waived\": false,\n        \"coverageLevel\": {\n          \"identifier\": \"50M/100M\"\n        }\n      },\n      {\n        \"identifier\": \"PD\",\n        \"waived\": false,\n        \"coverageLevel\": {\n          \"identifier\": \"25M\"\n        }\n      },\n      {\n        \"identifier\": \"MED\",\n        \"waived\": false,\n        \"coverageLevel\": {\n          \"identifier\": \"2000\"\n        }\n      },\n      {\n        \"identifier\": \"UIM\",\n        \"waived\": false,\n        \"coverageLevel\": {\n          \"identifier\": \"50M/100M\"\n        }\n      },\n      {\n        \"identifier\": \"UM\",\n        \"waived\": false,\n        \"coverageLevel\": {\n          \"identifier\": \"50M/100M\"\n        }\n      }\n    ],\n    \"endorsements\": []\n  },\n  \"policyRatingCharacteristics\": {\n    \"previousRenewals\": 0,\n    \"multiLineDescription\": \"none\",\n    \"homeownerStatus\": \"own\",\n    \"lengthOfTermMonths\": 6,\n    \"postalCode\": \"68134\",\n    \"upgradedAccidentForgiveness\": false,\n    \"priorInsurance\": {\n      \"previousBiValue\": \"50M/100M\",\n      \"currentlyInsuredYears\": 2,\n      \"isCurrentlyInsured\": true,\n      \"reportHit\": false,\n      \"source\": {\n        \"kind\": \"userReported\"\n      }\n    },\n    \"quoteSource\": {\n      \"partnerTier\": \"100\",\n      \"sourceOfBusiness\": \"internetSource\"\n    }\n  },\n  \"parties\": [\n    {\n      \"id\": \"{{primaryDriverId}}\",\n      \"endorsementDate\": null,\n      \"dateOfBirth\": \"1971-04-13\",\n      \"defensiveDrivingCompletedDate\": null,\n      \"ageFirstLicensed\": 16,\n      \"educationLevel\": \"bachelorsDegree\",\n      \"gender\": \"male\",\n      \"maritalStatus\": \"widowed\",\n      \"relationshipToApplicant\": \"applicant\",\n      \"accidents\": [],\n      \"profession\": \"Nursing Instructors and Teachers, Postsecondary\",\n      \"kind\": \"driver\",\n      \"violations\": [\n        {\n          \"id\": \"ab327abe-beea-4c45-b5be-c6eca27d7af4\",\n          \"violationDate\": \"2018-11-04\",\n          \"convictionDate\": null,\n          \"kind\": \"speedingOther\",\n          \"source\": {\n            \"kind\": \"userReported\"\n          }\n        }\n      ],\n      \"sr22s\": [],\n      \"suspensions\": [],\n      \"bankruptcies\": [],\n      \"financialResponsibilityScore\": {\n        \"kind\": \"noHit\",\n        \"source\": {\n          \"kind\": \"userReported\"\n        }\n      },\n      \"license\": {\n        \"status\": \"active\",\n        \"geographicLocation\": \"US-WI\",\n        \"verified\": false,\n        \"number\": \"D2224217041801\",\n        \"source\": {\n          \"kind\": \"userReported\"\n        }\n      }\n    }\n  ]\n}\n",
					"options": {
						"raw": {
							"language": "json"
						}
					}
				},
				"url": {
					"raw": "{{insurance_product_host}}/v2/rate?mocked=false",
					"host": [
						"{{insurance_product_host}}"
					],
					"path": [
						"v2",
						"rate"
					],
					"query": [
						{
							"key": "mocked",
							"value": "false"
						}
					]
				}
			},
			"response": []
		},
		{
			"name": "Get PayPlan [2] [Backdated] Copy",
			"event": [
				{
					"listen": "test",
					"script": {
						"exec": [
							"var jsonData = JSON.parse(responseBody);",
							"",
							"var installmentPayCCIndex = 2",
							"",
							"postman.setEnvironmentVariable(\"payPlanId\", jsonData.plans[installmentPayCCIndex].planId)",
							"",
							"postman.setEnvironmentVariable(\"paymentPlanDef\", JSON.stringify(jsonData.plans[installmentPayCCIndex]));"
						],
						"type": "text/javascript"
					}
				},
				{
					"listen": "prerequest",
					"script": {
						"exec": [
							""
						],
						"type": "text/javascript"
					}
				}
			],
			"request": {
				"method": "POST",
				"header": [],
				"body": {
					"mode": "raw",
					"raw": "{\n  \"effectiveDate\": \"{{effectiveDate}}\",\n  \"currency\": \"USD\",\n  \"premium\": {{premium}},\n  \"fees\": [],\n  \"paymentPlanTemplate\": {\n    \"filing\": {\n      \"filingId\": \"NE_2020_09\",\n      \"region\": \"US-NE\",\n      \"filingDate\": \"2020-06-01\"\n    },\n    \"plans\": [\n      {\n        \"planId\": \"91ff1310-14ab-450b-bbc5-3f3ab6b4cd1c\",\n        \"planName\": \"Paid in Full - Credit Card\",\n        \"description\": \"Pay the entire policy in full.\",\n        \"planEnum\": \"full_pay_cc\",\n        \"paymentMethod\": \"credit_card\",\n        \"paymentFrequency\": \"FULL_PAY\",\n        \"template\": {\n          \"currency\": \"USD\",\n          \"numberOfPayments\": 1,\n          \"period\": {\n            \"unit\": \"MONTH\",\n            \"length\": 6\n          },\n          \"downPayment\": {\n            \"amount\": 100,\n            \"type\": \"PERCENT\"\n          },\n          \"fees\": []\n        }\n      },\n      {\n        \"planId\": \"06c15406-3ec7-4ee9-ad6b-30be6682fc31\",\n        \"planName\": \"Paid in Full - Bank Account\",\n        \"description\": \"Pay the entire policy in full.\",\n        \"planEnum\": \"full_pay_ach\",\n        \"paymentMethod\": \"bank_account\",\n        \"paymentFrequency\": \"FULL_PAY\",\n        \"template\": {\n          \"currency\": \"USD\",\n          \"numberOfPayments\": 1,\n          \"period\": {\n            \"unit\": \"MONTH\",\n            \"length\": 6\n          },\n          \"downPayment\": {\n            \"amount\": 100,\n            \"type\": \"PERCENT\"\n          },\n          \"fees\": []\n        }\n      },\n      {\n        \"planId\": \"d707c25e-f6c1-4300-a447-8eaca2779821\",\n        \"planName\": \"Pay 6 installments - Credit Card\",\n        \"description\": \"Make an initial payment of 16.67 percent of your total premium on the effective date of your policy. Then make five additional payments of 16.66 percent each month, for the 5 months after the effective date.\",\n        \"planEnum\": \"six_monthly_equal_payment_cc\",\n        \"paymentMethod\": \"credit_card\",\n        \"paymentFrequency\": \"MONTHLY_EQUAL_PAYMENT\",\n        \"template\": {\n          \"currency\": \"USD\",\n          \"numberOfPayments\": 6,\n          \"period\": {\n            \"unit\": \"MONTH\",\n            \"length\": 1\n          },\n          \"downPayment\": {\n            \"amount\": 16.67,\n            \"type\": \"PERCENT\"\n          },\n          \"fees\": [\n            {\n              \"name\": \"installment\",\n              \"type\": \"PER_INSTALLMENT\",\n              \"paymentType\": {\n                \"amount\": 2,\n                \"type\": \"FLATFEE\"\n              }\n            }\n          ]\n        }\n      },\n      {\n        \"planId\": \"f7f9bb4f-6851-467a-9cec-f1c800cfbc37\",\n        \"planName\": \"Pay 6 installments - Bank Account\",\n        \"description\": \"Make an initial payment of 16.67 percent of your total premium on the effective date of your policy. Then make five additional payments of 16.66 percent each month, for the 5 months after the effective date.\",\n        \"planEnum\": \"six_monthly_equal_payment_ach\",\n        \"paymentMethod\": \"bank_account\",\n        \"paymentFrequency\": \"MONTHLY_EQUAL_PAYMENT\",\n        \"template\": {\n          \"currency\": \"USD\",\n          \"numberOfPayments\": 6,\n          \"period\": {\n            \"unit\": \"MONTH\",\n            \"length\": 1\n          },\n          \"downPayment\": {\n            \"amount\": 16.67,\n            \"type\": \"PERCENT\"\n          },\n          \"fees\": [\n            {\n              \"name\": \"installment\",\n              \"type\": \"PER_INSTALLMENT\",\n              \"paymentType\": {\n                \"amount\": 2,\n                \"type\": \"FLATFEE\"\n              }\n            }\n          ]\n        }\n      }\n    ]\n  }\n}",
					"options": {
						"raw": {
							"language": "json"
						}
					}
				},
				"url": {
					"raw": "{{paymentsApi}}/api/v1/insurance/plans/calculate",
					"host": [
						"{{paymentsApi}}"
					],
					"path": [
						"api",
						"v1",
						"insurance",
						"plans",
						"calculate"
					]
				}
			},
			"response": []
		},
		{
			"name": "Post Policy [3] [Backdated] Copy",
			"event": [
				{
					"listen": "test",
					"script": {
						"exec": [
							"var jsonData = JSON.parse(responseBody);",
							"",
							"postman.setEnvironmentVariable(\"policyId\",",
							"jsonData.policy.id)",
							"",
							"postman.setEnvironmentVariable(\"policyNumber\",",
							"jsonData.policy.number)"
						],
						"type": "text/javascript"
					}
				}
			],
			"request": {
				"method": "POST",
				"header": [
					{
						"key": "Clearcover-Partner-Authorization-Token",
						"type": "text",
						"value": "{{partnerAuthToken}}"
					}
				],
				"body": {
					"mode": "raw",
					"raw": "{\n  \"policyRequest\": {\n    \"agreement\": {\n      \"bindDate\": \"{{bindDate}}\",\n      \"inceptionDate\": \"{{effectiveDateTime}}\",\n      \"agreementType\": \"auto_policy\",\n      \"product\": {\n        \"externalRef\": {\n          \"sourceSystem\": \"clearcover-acquisition\",\n          \"sourceEntityId\": \"CCInsCoNE\",\n          \"sourceEntityType\": \"product_config\"\n        }\n      }\n    },\n    \"effectivePeriod\": {\n      \"startAt\": \"{{effectiveDateTime}}\",\n      \"endAt\": \"{{endDate}}\"\n    },\n    \"policyHolders\": [\n      {\n        \"policyHolderType\": \"person\",\n        \"person\": {\n          \"dateOfBirth\": \"1971-04-13\",\n          \"primaryLanguage\": \"en-US\",\n          \"phoneNumbers\": [\n            {\n              \"phoneType\": \"landline\",\n              \"phoneFormat\": \"north_american_numbering_plan\",\n              \"number\": \"3332221234\"\n            }\n          ],\n          \"addresses\": [\n            {\n              \"addressLine1\": \"9723 Laurel Ave\",\n              \"city\": \"Omaha\",\n              \"state\": \"NE\",\n              \"postalCode\": \"68134\",\n              \"country\": \"US\"\n            }\n          ],\n          \"email\": \"acceptance+{{randomNumber}}@clearcover.com\",\n          \"legalIdentifiers\": [\n            {\n              \"identifierType\": \"License Number\",\n              \"identifierValue\": \"D2224217041801\",\n              \"identifierJurisdiction\": {\n                \"country\": \"USA\",\n                \"body\": \"WI-DMV\"\n              }\n            }\n          ],\n          \"firstName\": \"David\",\n          \"middleName\": \"\",\n          \"lastName\": \"Woods\",\n          \"gender\": \"male\",\n          \"maritalStatus\": \"widowed\",\n          \"source\": \"user_reported\"\n        }\n      }\n    ],\n    \"insurableItems\": [\n      {\n        \"identifier\": \"{{vehicleId}}\",\n        \"itemType\": \"vehicle\",\n        \"startDate\": \"{{effectiveDateTime}}\",\n        \"endorsementTypes\": [],\n        \"locations\": [\n          {\n            \"address\": {\n              \"addressLine1\": \"9723 Laurel Ave\",\n              \"city\": \"Omaha\",\n              \"state\": \"NE\",\n              \"postalCode\": \"68134\",\n              \"country\": \"US\"\n            },\n            \"locationType\": \"garaging\"\n          }\n        ],\n        \"vehicle\": {\n          \"detail\": {\n            \"identifier\": \"{{vehicleId}}\",\n            \"antiTheft\": {\n              \"alarm\": false,\n              \"activeDisable\": false,\n              \"passiveDisable\": false,\n              \"recovery\": false\n            },\n            \"identification\": {\n              \"vin\": \"5fnrl5h64gb111411\",\n              \"partialVin\": \"5fnrl5h6&g\",\n              \"year\": 2016,\n              \"make\": \"Honda\",\n              \"model\": \"ODYSSEY EX\",\n              \"bodyStyle\": \"WAG4X24D\",\n              \"vehicleServicesId\": \"v1_WzIwMTYsIkhvbmRhIiwiT0RZU1NFWSBFWCIsIldBRzRYMjREIiwiNUZOUkw1SDZcdTAwMjZHIl0=\",\n              \"hasSeenVinMismatchDisclaimer\": false\n            },\n            \"mileage\": {\n              \"annual\": 18000\n            },\n            \"rideshareUse\": false,\n            \"usage\": \"pleasure\"\n          },\n          \"ownershipType\": \"owned\",\n          \"lienholders\": []\n        },\n        \"insurableItemAmounts\": []\n      }\n    ],\n    \"insurableItemParties\": [\n      {\n        \"identifier\": \"{{primaryDriverId}}\",\n        \"partyType\": \"driver\",\n        \"policyPartyRelationship\": \"named_insured\",\n        \"startDate\": \"{{effectiveDateTime}}\",\n        \"driver\": {\n          \"detail\": {\n            \"identifier\": \"{{primaryDriverId}}\",\n            \"ageFirstLicensed\": 16,\n            \"violations\": [\n              {\n                \"id\": \"d29c03a9-4f1a-4451-8818-9a917eebb3f3\",\n                \"violationDate\": \"2018-11-04\",\n                \"convictionDate\": \"2018-11-06\",\n                \"kind\": \"speedingOther\",\n                \"source\": {\n                  \"kind\": \"userReported\"\n                }\n              }\n            ],\n            \"sr22s\": [],\n            \"accidents\": [],\n            \"suspensions\": [],\n            \"license\": {\n              \"status\": \"active\",\n              \"geographicLocation\": \"US-WI\",\n              \"verified\": false,\n              \"number\": \"D2224217041801\",\n              \"source\": {\n                \"kind\": \"userReported\"\n              }\n            },\n            \"financialResponsibility\": {\n              \"kind\": \"noHit\",\n              \"source\": {\n                \"kind\": \"userReported\"\n              }\n            },\n            \"bankruptcies\": [],\n            \"coverageHistory\": {},\n            \"creditProfile\": {\n              \"date\": \"2020-07-07\",\n              \"source\": \"ncf_report\",\n              \"insuranceScoreNcfStatus\": \"Credit bureau no-hit\"\n            },\n            \"drivingCourse\": {\n              \"courseTaken\": false\n            },\n            \"education\": {\n              \"currentLevel\": \"bachelors_degree\"\n            },\n            \"homeOwnership\": {\n              \"homeOwner\": true,\n              \"monthsOwned\": 16,\n              \"ownershipType\": \"own\"\n            },\n            \"kinship\": \"applicant\",\n            \"militaryService\": {\n              \"serviceMember\": false\n            },\n            \"profession\": \"Nursing Instructors and Teachers, Postsecondary\",\n            \"specialFilings\": [],\n            \"priorInsurance\": {\n              \"previousBiValue\": \"50M/100M\",\n              \"currentlyInsuredYears\": 2,\n              \"isCurrentlyInsured\": true,\n              \"reportHit\": false,\n              \"source\": {\n                \"kind\": \"userReported\"\n              }\n            }\n          }\n        },\n        \"person\": {\n          \"dateOfBirth\": \"1971-04-13\",\n          \"primaryLanguage\": \"en-US\",\n          \"phoneNumbers\": [\n            {\n              \"phoneType\": \"landline\",\n              \"phoneFormat\": \"north_american_numbering_plan\",\n              \"number\": \"3332221234\"\n            }\n          ],\n          \"addresses\": [\n            {\n              \"addressLine1\": \"9723 Laurel Ave\",\n              \"city\": \"Omaha\",\n              \"state\": \"NE\",\n              \"postalCode\": \"68134\",\n              \"country\": \"US\"\n            }\n          ],\n          \"email\": \"acceptance+{{randomNumber}}@clearcover.com\",\n          \"legalIdentifiers\": [\n            {\n              \"identifierType\": \"License Number\",\n              \"identifierValue\": \"D2224217041801\",\n              \"identifierJurisdiction\": {\n                \"country\": \"USA\",\n                \"body\": \"WI-DMV\"\n              }\n            }\n          ],\n          \"firstName\": \"David\",\n          \"lastName\": \"Woods\",\n          \"gender\": \"male\",\n          \"maritalStatus\": \"widowed\",\n          \"source\": \"user_reported\"\n        }\n      }\n    ],\n    \"quoteRef\": {\n      \"sourceSystem\": \"clearcover-acquisition\",\n      \"sourceEntityId\": \"6bb1faf1-bc69-4b2a-9b3e-7598072bca4f\",\n      \"sourceEntityType\": \"bind_attempt\"\n    },\n    \"usState\": \"US-NE\",\n    \"timeZone\": \"America/Chicago\",\n    \"coverages\": [\n      {\n        \"identifier\": \"RA\",\n        \"inclusion\": \"coverage_included\",\n        \"chosenCoverageLevel\": \"\",\n        \"coveragePrices\": [\n          {\n            \"amountType\": \"writtenPremium\",\n            \"amountName\": \"roadside\",\n            \"amount\": {\n              \"currency\": {\n                \"code\": \"USD\"\n              },\n              \"value\": {{ra}}\n            }\n          },\n          {\n            \"amountType\": \"fullTermWrittenPremium\",\n            \"amountName\": \"roadside\",\n            \"amount\": {\n              \"currency\": {\n                \"code\": \"USD\"\n              },\n              \"value\": {{ra}}\n            }\n          }\n        ],\n        \"insurableItemIdentifier\": \"{{vehicleId}}\",\n        \"productCoverageRef\": {\n          \"sourceSystem\": \"clearcover-acquisition\",\n          \"sourceEntityId\": \"RA\",\n          \"sourceEntityType\": \"waivable_only\"\n        }\n      },\n      {\n        \"identifier\": \"BI\",        \n        \"inclusion\": \"coverage_included\",\n        \"chosenCoverageLevel\": \"50M/100M\",\n        \"coveragePrices\": [\n          {\n            \"amountType\": \"writtenPremium\",\n            \"amountName\": \"bodily_injury\",\n            \"amount\": {\n              \"currency\": {\n                \"code\": \"USD\"\n              },\n              \"value\": {{bi}}\n            }\n          },\n          {\n            \"amountType\": \"fullTermWrittenPremium\",\n            \"amountName\": \"bodily_injury\",\n            \"amount\": {\n              \"currency\": {\n                \"code\": \"USD\"\n              },\n              \"value\": {{bi}}\n            }\n          }\n        ],\n        \"insurableItemIdentifier\": \"{{vehicleId}}\",\n        \"productCoverageRef\": {\n          \"sourceSystem\": \"clearcover-acquisition\",\n          \"sourceEntityId\": \"BI\",\n          \"sourceEntityType\": \"per_person_split_limit\"\n        }\n      },\n      {\n        \"identifier\": \"PD\",\n        \"inclusion\": \"coverage_included\",\n        \"chosenCoverageLevel\": \"25M\",\n        \"coveragePrices\": [\n          {\n            \"amountType\": \"writtenPremium\",\n            \"amountName\": \"property_damage\",\n            \"amount\": {\n              \"currency\": {\n                \"code\": \"USD\"\n              },\n              \"value\": {{pd}}\n            }\n          },\n          {\n            \"amountType\": \"fullTermWrittenPremium\",\n            \"amountName\": \"property_damage\",\n            \"amount\": {\n              \"currency\": {\n                \"code\": \"USD\"\n              },\n              \"value\": {{pd}}\n            }\n          }\n        ],\n        \"insurableItemIdentifier\": \"{{vehicleId}}\",\n        \"productCoverageRef\": {\n          \"sourceSystem\": \"clearcover-acquisition\",\n          \"sourceEntityId\": \"PD\",\n          \"sourceEntityType\": \"single_per_incident_limit\"\n        }\n      },\n      {\n        \"identifier\": \"MED\",\n        \"inclusion\": \"coverage_included\",\n        \"chosenCoverageLevel\": \"2000\",\n        \"coveragePrices\": [\n          {\n            \"amountType\": \"writtenPremium\",\n            \"amountName\": \"medical_payments\",\n            \"amount\": {\n              \"currency\": {\n                \"code\": \"USD\"\n              },\n              \"value\": {{med}}\n            }\n          },\n          {\n            \"amountType\": \"fullTermWrittenPremium\",\n            \"amountName\": \"medical_payments\",\n            \"amount\": {\n              \"currency\": {\n                \"code\": \"USD\"\n              },\n              \"value\": {{med}}\n            }\n          }\n        ],\n        \"insurableItemIdentifier\": \"{{vehicleId}}\",\n        \"productCoverageRef\": {\n          \"sourceSystem\": \"clearcover-acquisition\",\n          \"sourceEntityId\": \"MED\",\n          \"sourceEntityType\": \"single_per_incident_limit\"\n        }\n      },\n      {\n        \"identifier\": \"UM\",\n        \"inclusion\": \"coverage_included\",\n        \"chosenCoverageLevel\": \"50M/100M\",\n        \"coveragePrices\": [\n          {\n            \"amountType\": \"writtenPremium\",\n            \"amountName\": \"uninsured_motorist_bodily_injury\",\n            \"amount\": {\n              \"currency\": {\n                \"code\": \"USD\"\n              },\n              \"value\": {{um}}\n            }\n          },\n          {\n            \"amountType\": \"fullTermWrittenPremium\",\n            \"amountName\": \"uninsured_motorist_bodily_injury\",\n            \"amount\": {\n              \"currency\": {\n                \"code\": \"USD\"\n              },\n              \"value\": {{um}}\n            }\n          }\n        ],\n        \"insurableItemIdentifier\": \"{{vehicleId}}\",\n        \"productCoverageRef\": {\n          \"sourceSystem\": \"clearcover-acquisition\",\n          \"sourceEntityId\": \"UM\",\n          \"sourceEntityType\": \"per_person_split_limit\"\n        }\n      },\n      {\n        \"identifier\": \"UIM\",\n        \"inclusion\": \"coverage_included\",\n        \"chosenCoverageLevel\": \"50M/100M\",\n        \"coveragePrices\": [\n          {\n            \"amountType\": \"writtenPremium\",\n            \"amountName\": \"underinsured_motorist_bodily_injury\",\n            \"amount\": {\n              \"currency\": {\n                \"code\": \"USD\"\n              },\n              \"value\": {{uim}}\n            }\n          },\n          {\n            \"amountType\": \"fullTermWrittenPremium\",\n            \"amountName\": \"underinsured_motorist_bodily_injury\",\n            \"amount\": {\n              \"currency\": {\n                \"code\": \"USD\"\n              },\n              \"value\": {{uim}}\n            }\n          }\n        ],\n        \"insurableItemIdentifier\": \"{{vehicleId}}\",\n        \"productCoverageRef\": {\n          \"sourceSystem\": \"clearcover-acquisition\",\n          \"sourceEntityId\": \"UIM\",\n          \"sourceEntityType\": \"per_person_split_limit\"\n        }\n      },\n      {\n        \"identifier\": \"AT\",\n        \"inclusion\": \"coverage_included\",\n        \"chosenCoverageLevel\": \"30/900\",\n        \"coveragePrices\": [\n          {\n            \"amountType\": \"writtenPremium\",\n            \"amountName\": \"alternate_transport\",\n            \"amount\": {\n              \"currency\": {\n                \"code\": \"USD\"\n              },\n              \"value\": {{at}}\n            }\n          },\n          {\n            \"amountType\": \"fullTermWrittenPremium\",\n            \"amountName\": \"alternate_transport\",\n            \"amount\": {\n              \"currency\": {\n                \"code\": \"USD\"\n              },\n              \"value\": {{at}}\n            }\n          }\n        ],\n        \"insurableItemIdentifier\": \"{{vehicleId}}\",\n        \"productCoverageRef\": {\n          \"sourceSystem\": \"clearcover-acquisition\",\n          \"sourceEntityId\": \"AT\",\n          \"sourceEntityType\": \"per_person_split_limit\"\n        }\n      },\n      {\n        \"identifier\": \"COLL\",\n        \"inclusion\": \"coverage_included\",\n        \"chosenCoverageLevel\": \"200\",\n        \"coveragePrices\": [\n          {\n            \"amountType\": \"writtenPremium\",\n            \"amountName\": \"collision\",\n            \"amount\": {\n              \"currency\": {\n                \"code\": \"USD\"\n              },\n              \"value\": {{coll}}\n            }\n          },\n          {\n            \"amountType\": \"fullTermWrittenPremium\",\n            \"amountName\": \"collision\",\n            \"amount\": {\n              \"currency\": {\n                \"code\": \"USD\"\n              },\n              \"value\": {{coll}}\n            }\n          }\n        ],\n        \"insurableItemIdentifier\": \"{{vehicleId}}\",\n        \"productCoverageRef\": {\n          \"sourceSystem\": \"clearcover-acquisition\",\n          \"sourceEntityId\": \"COLL\",\n          \"sourceEntityType\": \"per_person_split_limit\"\n        }\n      },\n      {\n        \"identifier\": \"COMP\",\n        \"inclusion\": \"coverage_included\",\n        \"chosenCoverageLevel\": \"200\",\n        \"coveragePrices\": [\n          {\n            \"amountType\": \"writtenPremium\",\n            \"amountName\": \"comprehensive\",\n            \"amount\": {\n              \"currency\": {\n                \"code\": \"USD\"\n              },\n              \"value\": {{comp}}\n            }\n          },\n          {\n            \"amountType\": \"fullTermWrittenPremium\",\n            \"amountName\": \"comprehensive\",\n            \"amount\": {\n              \"currency\": {\n                \"code\": \"USD\"\n              },\n              \"value\": {{comp}}\n            }\n          }\n        ],\n        \"insurableItemIdentifier\": \"{{vehicleId}}\",\n        \"productCoverageRef\": {\n          \"sourceSystem\": \"clearcover-acquisition\",\n          \"sourceEntityId\": \"COMP\",\n          \"sourceEntityType\": \"per_person_split_limit\"\n        }\n      }\n    ],\n    \"policyAmounts\": [\n      {\n        \"amountType\": \"writtenPremium\",\n        \"amountName\": \"written_premium\",\n        \"effectivePeriod\": {\n          \"startAt\": \"{{effectiveDateTime}}\",\n          \"endAt\": \"{{endDate}}\"\n        },\n        \"amount\": {\n          \"currency\": {\n            \"code\": \"USD\"\n          },\n          \"value\": {{premium}}\n        }\n      },\n      {\n        \"amountType\": \"fullTermWrittenPremium\",\n        \"amountName\": \"total_premium_amount\",\n        \"effectivePeriod\": {\n          \"startAt\": \"{{effectiveDateTime}}\",\n          \"endAt\": \"{{endDate}}\"\n        },\n        \"amount\": {\n          \"currency\": {\n            \"code\": \"USD\"\n          },\n          \"value\": {{premium}}\n        }\n      }\n    ],\n    \"paymentPlan\": {\n      \"paymentPlanDef\": {{paymentPlanDef}},\n      \"paymentPlanRef\": {\n        \"sourceSystem\": \"clearcover-acquisition\",\n        \"sourceEntityId\": \"{{payPlanId}}\",\n        \"sourceEntityType\": \"payment_plan\"\n      }\n    },\n    \"ratingRef\": {\n      \"sourceSystem\": \"insurance-product\",\n      \"sourceEntityId\": \"{{rateId}}\",\n      \"sourceEntityType\": \"uuid\"\n    },\n    \"endorsements\": [],\n    \"assessments\": {\n        \"discounts\": [],\n        \"alternatePremiums\": []\n    }\n  },\n  \"agreementParties\": [\n    {\n      \"partyType\": \"attributed_partner\",\n      \"partyRef\": {\n        \"sourceSystem\": \"clearcover-acquisition\",\n        \"sourceEntityId\": \"f9985fc8-8d80-4a6c-b057-fe4eee08f196\",\n        \"sourceEntityType\": \"partner\"\n      }\n    }\n  ],\n  \"paymentMethod\": {\n    \"type\": \"CREDIT_CARD\",\n    \"cardHolder\": \"Computer Test\",\n    \"number\": \"4111111111111111\",\n    \"cvc\": \"737\",\n    \"expirationMonth\": \"03\",\n    \"expirationYear\": \"2030\"\n  },\n  \"paymentProduct\": {\n    \"fees\": [],\n    \"currency\": \"USD\",\n    \"totalFeesAmount\": 0,\n    \"totalPremiumAmount\": {{premium}}\n  }\n}",
					"options": {
						"raw": {
							"language": "json"
						}
					}
				},
				"url": {
					"raw": "{{policyApiHost}}/api/v1/policies/bind",
					"host": [
						"{{policyApiHost}}"
					],
					"path": [
						"api",
						"v1",
						"policies",
						"bind"
					]
				}
			},
			"response": []
		},
		{
			"name": "Create Pending Renewal",
			"event": [
				{
					"listen": "test",
					"script": {
						"exec": [
							"var jsonData = JSON.parse(responseBody);",
							"",
							"postman.setEnvironmentVariable(\"draftId\", jsonData.draftId)",
							"",
							"pm.test(\"Success\", function () { ",
							"    pm.response.to.not.be.error;",
							"    pm.response.to.be.json;",
							"    pm.response.to.have.status(200);",
							"});",
							""
						],
						"type": "text/javascript"
					}
				}
			],
			"request": {
				"method": "POST",
				"header": [
					{
						"key": "Clearcover-Partner-Authorization-Token",
						"type": "text",
						"value": "{{partnerAuthToken}}"
					}
				],
				"url": {
					"raw": "{{policyApiHost}}/api/v1/policy/:id/createPendingRenewal",
					"host": [
						"{{policyApiHost}}"
					],
					"path": [
						"api",
						"v1",
						"policy",
						":id",
						"createPendingRenewal"
					],
					"variable": [
						{
							"key": "id",
							"value": "{{policyId}}",
							"type": "string"
						}
					]
				}
			},
			"response": []
		},
		{
			"name": "Renewal Invoice Billing Summary",
			"event": [
				{
					"listen": "test",
					"script": {
						"exec": [
							"var jsonData = JSON.parse(responseBody);",
							"",
							"postman.setEnvironmentVariable(\"pendingRenewalInvoiceId\", jsonData.invoiceId)"
						],
						"type": "text/javascript"
					}
				}
			],
			"request": {
				"method": "GET",
				"header": [],
				"url": {
					"raw": "{{paymentsApi}}/api/v1/billing/accounts/summary/renewal?policyId={{policyId}}",
					"host": [
						"{{paymentsApi}}"
					],
					"path": [
						"api",
						"v1",
						"billing",
						"accounts",
						"summary",
						"renewal"
					],
					"query": [
						{
							"key": "policyId",
							"value": "{{policyId}}"
						}
					]
				}
			},
			"response": []
		},
		{
			"name": "Get Renewal Invoice Statements/Bills ",
			"request": {
				"method": "GET",
				"header": [],
				"url": {
					"raw": "{{paymentsApi}}/api/v1/billing/invoices/:invoiceId/statements",
					"host": [
						"{{paymentsApi}}"
					],
					"path": [
						"api",
						"v1",
						"billing",
						"invoices",
						":invoiceId",
						"statements"
					],
					"variable": [
						{
							"key": "invoiceId",
							"value": "{{pendingRenewalInvoiceId}}"
						}
					]
				}
			},
			"response": []
		},
		{
			"name": "Update Renewal Draft Pay Plan Type",
			"event": [
				{
					"listen": "test",
					"script": {
						"exec": [
							"pm.test(\"Success\", function () { ",
							"    pm.response.to.not.be.error;",
							"    pm.response.to.have.status(200);",
							"});",
							""
						],
						"type": "text/javascript"
					}
				}
			],
			"request": {
				"method": "PUT",
				"header": [
					{
						"key": "Clearcover-Partner-Authorization-Token",
						"type": "text",
						"value": "{{partnerAuthToken}}"
					}
				],
				"body": {
					"mode": "raw",
					"raw": "{\n    \"paymentPlanEnum\": \"full_pay_ach\"\n}",
					"options": {
						"raw": {
							"language": "json"
						}
					}
				},
				"url": {
					"raw": "{{policyApiHost}}/api/v1/policies/:id/renewal/payPlan",
					"host": [
						"{{policyApiHost}}"
					],
					"path": [
						"api",
						"v1",
						"policies",
						":id",
						"renewal",
						"payPlan"
					],
					"variable": [
						{
							"key": "id",
							"value": "{{policyId}}",
							"type": "string"
						}
					]
				}
			},
			"response": []
		},
		{
			"name": "Apply Pending Renewal",
			"request": {
				"method": "POST",
				"header": [
					{
						"key": "Clearcover-Partner-Authorization-Token",
						"type": "text",
						"value": "{{partnerAuthToken}}"
					}
				],
				"url": {
					"raw": "{{policyApiHost}}/api/v1/policies/:policyId/applyRenewal",
					"host": [
						"{{policyApiHost}}"
					],
					"path": [
						"api",
						"v1",
						"policies",
						":policyId",
						"applyRenewal"
					],
					"variable": [
						{
							"key": "policyId",
							"value": "{{policyId}}",
							"type": "string"
						}
					]
				}
			},
			"response": []
		}
	]
}