{
  "version": 1,
  "projects": {
    "parallel-runner": {
      "root": "parallel-runner",
      "sourceRoot": "parallel-runner/src",
      "projectType": "application",
      "prefix": "parallel-runner",
      "schematics": {},
      "architect": {
        "build": {
          "builder": "@nrwl/node:build",
          "options": {
            "outputPath": "dist/parallel-runner",
            "main": "parallel-runner/src/index.ts",
            "tsConfig": "parallel-runner/tsconfig.json",
            "memoryLimit": 750,
            "maxWorkers": 1,
            "assets": []
          },
          "configurations": {
            "production": {
              "optimization": true,
              "extractLicenses": true,
              "inspect": false,
              "fileReplacements": []
            }
          }
        },
        "load-test": {
          "builder": "@nrwl/workspace:run-commands",
          "options": {
            "commands": [
              {
                "command": "node main.js"
              }
            ],
            "cwd": "dist/parallel-runner",
            "parallel": true
          }
        },
        "lint": {
          "builder": "@nrwl/linter:lint",
          "options": {
            "linter": "eslint",
            "config": "parallel-runner/.eslintrc.json",
            "tsConfig": [
              "parallel-runner/tsconfig.json"
            ],
            "exclude": [
              "**/node_modules/**",
              "!parallel-runner/**"
            ]
          }
        },
        "test": {
          "builder": "@nrwl/workspace:run-commands",
          "options": {
            "commands": [
              {
                "command": "node --max_old_space_size=800 --expose-gc ./node_modules/.bin/jest --runInBand --logHeapUsage --config=parallel-runner/jest.config.js"
              }
            ],
            "parallel": false
          }
        },
        "test-local": {
          "builder": "@nrwl/workspace:run-commands",
          "options": {
            "commands": [
              {
                "command": "node --max_old_space_size=800 ./node_modules/.bin/jest --config=parallel-runner/jest.config.js"
              }
            ],
            "parallel": true
          }
        }
      }
    }
  },
  "cli": {
    "defaultCollection": "@nrwl/node"
  },
  "schematics": {
    "@nrwl/workspace": {
      "library": {
        "linter": "eslint"
      }
    },
    "@nrwl/node": {
      "application": {
        "linter": "eslint"
      },
      "library": {
        "linter": "eslint"
      }
    },
    "@nrwl/nx-plugin": {
      "plugin": {
        "linter": "eslint"
      }
    }
  },
  "defaultProject": "parallel-runner"
}
